model,feature,auc_drop,std
LogisticRegression,age,0.005927708571552915,0.0003951989964604151
LogisticRegression,education-num,0.04275933973220873,0.0013925932325094623
LogisticRegression,capital-gain,0.035675646803169744,0.0011359915984977909
LogisticRegression,capital-loss,0.005021498614167985,0.000430695303453735
LogisticRegression,hours-per-week,0.010835920868338844,0.0009608702521445051
LogisticRegression,workclass,0.0019982470033115484,0.000572334295408923
LogisticRegression,education,0.0006586515532289727,0.00021857292257951798
LogisticRegression,marital-status,0.12513969695996438,0.003958290545979738
LogisticRegression,occupation,0.015088238656201658,0.0013896416375658608
LogisticRegression,relationship,0.00791411582510051,0.0005758558062816796
LogisticRegression,native-country,0.0017736140844788694,0.0001597533126804332
GradientBoosting,age,0.026316505923501054,0.000709822538042959
GradientBoosting,education-num,0.03844980895812615,0.0012516726398583953
GradientBoosting,capital-gain,0.04998964525531093,0.0016075520952919787
GradientBoosting,capital-loss,0.013035115535121534,0.0007536226262437034
GradientBoosting,hours-per-week,0.012541483731884484,0.0009764149328712851
GradientBoosting,workclass,0.0014193079899373685,0.0002775920533961152
GradientBoosting,education,0.0002520709777169561,4.994698510371748e-05
GradientBoosting,marital-status,0.11982457600514984,0.004270027319793341
GradientBoosting,occupation,0.008016592686937062,0.000691444226461455
GradientBoosting,relationship,0.0015904864819067167,0.00014787144388744332
GradientBoosting,native-country,0.00012799822812414874,5.8214543952426025e-05
