attribute,group,reference,feature,points_gap
sex,Female,Male,age,-4.4950772098384215
sex,Female,Male,education-num,-2.520617493768459
sex,Female,Male,capital-gain,-21.114350435861844
sex,Female,Male,capital-loss,-1.4946733251611555
sex,Female,Male,hours-per-week,-13.843344739311041
sex,Female,Male,workclass,1.326038080151553
sex,Female,Male,education,-0.6605162575056143
sex,Female,Male,marital-status,-77.51885416414399
sex,Female,Male,occupation,-6.410342468917947
sex,Female,Male,relationship,-5.465584219104229
sex,Female,Male,native-country,0.33340395717960003
race,Amer-Indian-Eskimo,White,age,-2.4671782439051397
race,Amer-Indian-Eskimo,White,education-num,-21.298223523700845
race,Amer-Indian-Eskimo,White,capital-gain,-18.725956555124046
race,Amer-Indian-Eskimo,White,capital-loss,-1.3924575808060722
race,Amer-Indian-Eskimo,White,hours-per-week,1.6955881034069238
race,Amer-Indian-Eskimo,White,workclass,2.0723586382792973
race,Amer-Indian-Eskimo,White,education,-1.8015535690961602
race,Amer-Indian-Eskimo,White,marital-status,-14.300235748587653
race,Amer-Indian-Eskimo,White,occupation,-3.0847430636722115
race,Amer-Indian-Eskimo,White,relationship,-3.0415576778516265
race,Amer-Indian-Eskimo,White,native-country,-0.5371268330523071
race,Asian-Pac-Islander,White,age,-1.7279250833630648
race,Asian-Pac-Islander,White,education-num,16.907606486935652
race,Asian-Pac-Islander,White,capital-gain,34.01661411549662
race,Asian-Pac-Islander,White,capital-loss,1.445736782275657
race,Asian-Pac-Islander,White,hours-per-week,-1.2067772987098266
race,Asian-Pac-Islander,White,workclass,1.4582256756730945
race,Asian-Pac-Islander,White,education,1.1041643886672914
race,Asian-Pac-Islander,White,marital-status,-2.122057680540477
race,Asian-Pac-Islander,White,occupation,2.670699475745821
race,Asian-Pac-Islander,White,relationship,-4.509178222803346
race,Asian-Pac-Islander,White,native-country,-12.138579495048488
race,Black,White,age,-0.587366798475572
race,Black,White,education-num,-15.171600742768899
race,Black,White,capital-gain,-12.150143998623198
race,Black,White,capital-loss,-1.254831247178295
race,Black,White,hours-per-week,-4.6733693503524805
race,Black,White,workclass,2.1822884250490135
race,Black,White,education,-1.2422333722844203
race,Black,White,marital-status,-35.83042691250027
race,Black,White,occupation,-9.970439433098443
race,Black,White,relationship,-6.543984772049309
race,Black,White,native-country,0.23582770920089796
race,Other,White,age,-7.975509764225061
race,Other,White,education-num,-33.383556636355586
race,Other,White,capital-gain,-23.68917731156686
race,Other,White,capital-loss,-2.0114214422705547
race,Other,White,hours-per-week,-5.55355994755923
race,Other,White,workclass,1.8779368565716814
race,Other,White,education,0.8066304269900464
race,Other,White,marital-status,-18.90473902757267
race,Other,White,occupation,-11.316847116454788
race,Other,White,relationship,-7.192555088958202
race,Other,White,native-country,-22.779899029740456
