attribute,group,count,selection_rate,tpr,fpr,accuracy,mean_score,model
sex,Female,3239,0.07193578264896573,0.5141242937853108,0.017677642980935875,0.9311515899969126,393.95734799601615,LogisticRegression
sex,Male,6530,0.25053598774885144,0.6058467741935484,0.09546854377474703,0.8137825421133231,496.77184802794096,LogisticRegression
race,Amer-Indian-Eskimo,94,0.05319148936170213,0.36363636363636365,0.012048192771084338,0.9148936170212766,422.46568818238745,LogisticRegression
race,Asian-Pac-Islander,304,0.23684210526315788,0.6829268292682927,0.07207207207207207,0.8618421052631579,475.9998453672351,LogisticRegression
race,Black,937,0.09071504802561366,0.5663716814159292,0.025485436893203883,0.9252934898612594,403.78191922732765,LogisticRegression
race,Other,81,0.07407407407407407,0.3,0.04225352112676056,0.8765432098765432,386.5920183684407,LogisticRegression
race,White,8353,0.20363941099006344,0.5923656927426956,0.07125662012518055,0.8432898359870705,469.9957713751847,LogisticRegression
sex,Female,3239,0.06792219820932387,0.5112994350282486,0.013518197573656845,0.9345476999073788,395.8445420428076,GradientBoosting
sex,Male,6530,0.23476263399693723,0.6184475806451613,0.06731192256929168,0.8372128637059725,499.8971591830944,GradientBoosting
race,Amer-Indian-Eskimo,94,0.0851063829787234,0.6363636363636364,0.012048192771084338,0.9468085106382979,435.057281120205,GradientBoosting
race,Asian-Pac-Islander,304,0.2532894736842105,0.7317073170731707,0.07657657657657657,0.8717105263157895,486.2068617291503,GradientBoosting
race,Black,937,0.08431163287086446,0.584070796460177,0.015776699029126214,0.935965848452508,411.91920282322593,GradientBoosting
race,Other,81,0.08641975308641975,0.5,0.028169014084507043,0.9135802469135802,402.51505052717175,GradientBoosting
race,White,8353,0.1893930324434335,0.5984919886899152,0.05007221954742417,0.860648868669939,471.5904032818431,GradientBoosting
