applicant,points_vs_average,reason_1,reason_2,reason_3
829,-123.88636987811304,duration (-62),checking_status (-37),property_magnitude (-36)
985,-100.08482221760175,checking_status (-55),housing (-27),installment_commitment (-22)
387,-98.66466012498549,checking_status (-37),employment (-30),credit_amount (-26)
166,-108.04845329967509,checking_status (-55),employment (-30),installment_commitment (-22)
650,-190.48546188036485,duration (-62),checking_status (-55),purpose (-44)
141,-176.31564734681245,checking_status (-37),property_magnitude (-36),duration (-35)
197,-145.27191500022826,existing_credits (-38),checking_status (-37),housing (-27)
917,-124.7608904527477,credit_amount (-73),checking_status (-55),purpose (-46)
191,-115.9405233870436,duration (-62),checking_status (-37),property_magnitude (-36)
919,-118.04736057898506,checking_status (-55),housing (-27),installment_commitment (-22)
503,-88.04271663669076,checking_status (-37),property_magnitude (-36),employment (-26)
876,-187.04716360656656,credit_history (-66),checking_status (-55),property_magnitude (-36)
142,-102.828011051032,checking_status (-55),savings_status (-20),duration (-14)
973,-298.339243651055,duration (-90),checking_status (-55),property_magnitude (-36)
431,-103.99244579268395,credit_amount (-51),checking_status (-37),other_parties (-22)
287,-88.94030480060925,duration (-62),checking_status (-37),property_magnitude (-36)
711,-175.58653898241926,credit_history (-66),checking_status (-55),purpose (-44)
805,-133.08776522332045,checking_status (-55),purpose (-46),credit_amount (-38)
685,-113.37627639161306,duration (-90),purpose (-46),property_magnitude (-36)
201,-113.66576237313919,checking_status (-55),purpose (-46),installment_commitment (-22)
548,-131.6404616514909,credit_history (-66),checking_status (-55),installment_commitment (-22)
998,-176.8729910003974,duration (-55),checking_status (-55),property_magnitude (-36)
367,-90.7738278328714,checking_status (-55),housing (-27),employment (-26)
481,-186.84891150338615,purpose (-46),checking_status (-37),employment (-26)
194,-119.89689301703794,duration (-55),checking_status (-37),housing (-27)
419,-90.44869114943884,purpose (-46),checking_status (-37),installment_commitment (-22)
747,-103.77927952038824,checking_status (-55),purpose (-46),employment (-26)
853,-174.6407904295472,credit_history (-66),checking_status (-55),purpose (-46)
656,-96.42248106457056,purpose (-46),checking_status (-37),installment_commitment (-22)
832,-229.81477646184285,duration (-55),checking_status (-55),credit_amount (-54)
111,-119.61329344428145,purpose (-44),housing (-27),employment (-26)
704,-126.24342571539444,checking_status (-37),employment (-26),installment_commitment (-22)
235,-147.56371913466754,checking_status (-55),employment (-30),other_payment_plans (-23)
771,-195.59010968689753,checking_status (-55),purpose (-44),property_magnitude (-36)
522,-213.29999465766085,duration (-62),checking_status (-55),property_magnitude (-36)
274,-184.86777789011683,credit_amount (-55),checking_status (-55),property_magnitude (-36)
741,-114.48177036658178,credit_history (-66),checking_status (-37),other_payment_plans (-23)
192,-95.36382678551766,checking_status (-37),installment_commitment (-22),savings_status (-20)
835,-174.20529807533669,checking_status (-55),purpose (-46),credit_history (-34)
809,-123.25313014842763,purpose (-46),checking_status (-37),credit_history (-34)
31,-111.46492519106548,checking_status (-55),other_payment_plans (-23),savings_status (-20)
242,-136.8729114408144,duration (-62),checking_status (-55),property_magnitude (-36)
819,-105.47505519975968,checking_status (-55),installment_commitment (-22),other_payment_plans (-21)
924,-171.70627574044363,credit_history (-66),checking_status (-55),employment (-26)
655,-147.20830306678593,checking_status (-55),purpose (-46),property_magnitude (-36)
907,-90.70183056359858,purpose (-44),checking_status (-37),duration (-35)
