feature,coefficient,points
(base points),2.0656900310733817,749.0080381921669
purpose_used car,0.9994757375004831,72.09693449903932
checking_status_no checking,0.8860555130874309,63.915394734178136
savings_status_>=1000,0.8464778165649837,61.06046740904098
credit_history_critical/other existing credit,0.7852642068301838,56.644838849075576
purpose_new car,-0.7802805179044199,-56.28534168414893
foreign_worker_yes,-0.7489408544853919,-54.024662834260894
purpose_education,-0.7454376443753025,-53.77195964160998
foreign_worker_no,0.7352341664483982,53.03593429136175
employment_4<=X<7,0.6941564151730807,50.0728008885732
credit_history_all paid,-0.6886312630243981,-49.67424540832013
checking_status_<0,-0.6823988689105339,-49.22467320427326
other_parties_guarantor,0.5963309292942315,43.016183721074746
savings_status_<100,-0.5961872335443043,-43.0058182637839
purpose_other,0.5838658483657262,42.117018199083034
purpose_retraining,0.4854627054020011,35.01873188100034
other_parties_co applicant,-0.4450180891848794,-32.1012695186454
checking_status_0<=X<200,-0.43740696958548575,-31.5522432935625
property_magnitude_no known property,-0.43393926039907843,-31.302100951238753
employment_unemployed,-0.3892640607318856,-28.079466500709582
duration,-0.38558668724088047,-27.814200075761104
purpose_repairs,-0.3804718036738802,-27.44523921791932
property_magnitude_real estate,0.37323609168388083,26.92329292765567
housing_rent,-0.3436085796023245,-24.78611968995871
installment_commitment,-0.33833237968880214,-24.405522317459837
job_unemp/unskilled non res,0.3368592018815628,24.299255001617244
employment_<1,-0.32877604375795266,-23.71617839463456
credit_history_no credits/all paid,-0.25659122839087795,-18.509144636756353
other_payment_plans_none,0.24434188342831045,17.625541175174636
credit_amount,-0.24306676478150105,-17.533560807759788
savings_status_500<=X<1000,-0.24105214419369625,-17.38823665119485
housing_for free,0.22568871616654756,16.279999579903752
checking_status_>=200,0.22004363737160315,15.872793220759064
savings_status_100<=X<500,-0.21553843533131348,-15.547811588672626
savings_status_no known savings,0.1925933084673342,13.892670551711074
job_skilled,-0.18098384301471374,-13.055224639917709
other_parties_none,-0.16501952814635445,-11.903642745329115
age,0.15915328266055595,11.480482581779176
property_magnitude_car,0.1473948518997995,10.632291094420198
employment_>=7,0.14015558526164582,10.110088390493337
other_payment_plans_stores,-0.13912578919885554,-10.035804306847611
employment_1<=X<4,-0.1299785839818748,-9.375972926621023
purpose_domestic appliance,-0.12570049393280672,-9.067373961707675
own_telephone_none,-0.12202109564049374,-8.801961478218912
other_payment_plans_bank,-0.11892278226644543,-8.57846541122594
existing_credits,-0.11775250500111704,-8.494047750868221
own_telephone_yes,0.10831440760350725,7.813232935320287
credit_history_delayed previously,0.10493922204620595,7.569764762040356
housing_own,0.10421317539878636,7.51739156715604
property_magnitude_life insurance,-0.10039837122158811,-7.24221161373572
purpose_business,-0.09011609699340939,-6.500502311833028
job_unskilled resident,-0.08710125408589862,-6.283027366246776
job_high qualif/self emp/mgmt,-0.0824807928179446,-5.949731538351935
residence_since,0.051908726017919675,3.7444230802458316
credit_history_existing paid,0.04131237450188905,2.9800578910611497
purpose_furniture/equipment,0.028760360091736527,2.074621443926457
num_dependents,0.017444926946215758,1.2583854796987863
purpose_radio/tv,0.01073521748288695,0.7743822512712751
